date,forecast_temperature_2m_max,forecast_temperature_2m_min,forecast_temperature_2m_mean,forecast_precipitation_sum,forecast_wind_speed_10m_max,actual_temperature_2m_max,actual_temperature_2m_min,actual_temperature_2m_mean,actual_precipitation_sum,actual_wind_speed_10m_max,error_temperature_2m_max,abs_error_temperature_2m_max,error_temperature_2m_min,abs_error_temperature_2m_min,error_temperature_2m_mean,abs_error_temperature_2m_mean,error_precipitation_sum,abs_error_precipitation_sum,error_wind_speed_10m_max,abs_error_wind_speed_10m_max
2025-03-10,18.831,6.631,12.010166,0.0,14.4,19.7,4.55,11.306249,0.0,12.872201,-0.8690014,0.8690014,2.0809999,2.0809999,0.7039175,0.7039175,0.0,0.0,1.5277987,1.5277987
2025-03-11,12.431001,8.481,10.522668,0.0,16.199999,14.2,5.4,9.862498,0.0,16.077536,-1.7689991,1.7689991,3.0809999,3.0809999,0.6601696,0.6601696,0.0,0.0,0.12246323,0.12246323
2025-03-12,15.831,3.131,9.905999,5.8999996,13.32,15.0,3.75,9.210416,7.7,14.192631,0.8310003,0.8310003,-0.61899996,0.61899996,0.69558334,0.69558334,-1.8000002,1.8000002,-0.8726311,0.8726311
2025-03-13,10.681001,3.081,9.1685,17.2,24.119999,12.15,2.0,8.672916,11.500001,21.872036,-1.4689989,1.4689989,1.0810001,1.0810001,0.49558353,0.49558353,5.7,5.7,2.247963,2.247963
2025-03-14,5.0309997,1.9810001,3.408083,3.3999996,24.84,6.3,1.35,3.3708332,2.9999998,23.370903,-1.2690005,1.2690005,0.63100004,0.63100004,0.037249804,0.037249804,0.39999986,0.39999986,1.4690971,1.4690971
2025-03-15,6.5309997,0.281,3.2539167,0.0,12.599999,6.7,-1.25,2.3708334,0.0,10.825469,-0.16900015,0.16900015,1.531,1.531,0.88308334,0.88308334,0.0,0.0,1.7745304,1.7745304
2025-03-16,7.5309997,-0.419,4.01225,0.0,15.4800005,7.35,-3.25,2.2166665,0.0,10.706595,0.18099976,0.18099976,2.831,2.831,1.7955835,1.7955835,0.0,0.0,4.773405,4.773405
2025-03-17,3.4810002,-0.36900002,1.551833,1.9999999,19.8,3.5,-2.7,0.42916664,1.6999999,21.24,-0.018999815,0.018999815,2.331,2.331,1.1226664,1.1226664,0.29999995,0.29999995,-1.4400005,1.4400005
2025-03-18,6.881,-2.2689998,1.9705834,0.0,21.599998,6.45,-4.05,0.71249986,0.0,19.561287,0.43100023,0.43100023,1.7810004,1.7810004,1.2580836,1.2580836,0.0,0.0,2.0387115,2.0387115
2025-03-19,9.181001,-0.069,4.481,0.0,15.4800005,9.35,-1.95,3.2749999,0.0,13.330941,-0.16899967,0.16899967,1.881,1.881,1.2060001,1.2060001,0.0,0.0,2.1490593,2.1490593
2025-03-20,12.8810005,0.531,6.762251,0.0,10.799999,12.95,-0.9,5.5104165,0.0,8.790563,-0.06899929,0.06899929,1.431,1.431,1.2518344,1.2518344,0.0,0.0,2.0094366,2.0094366
2025-03-21,15.1310005,1.831,8.916417,0.0,14.04,15.4,0.05,7.5625005,0.0,13.577776,-0.2689991,0.2689991,1.781,1.781,1.3539166,1.3539166,0.0,0.0,0.462224,0.462224
2025-03-22,13.6310005,2.381,7.6726665,0.0,24.119999,13.95,2.3,7.6458325,1.0,19.98081,-0.3189993,0.3189993,0.08100009,0.08100009,0.026834011,0.026834011,-1.0,1.0,4.139189,4.139189
2025-03-23,13.481,4.1809998,8.447666,4.6,23.4,13.25,4.6,8.2125,2.0000002,20.393293,0.23099995,0.23099995,-0.41900015,0.41900015,0.23516655,0.23516655,2.5999997,2.5999997,3.0067062,3.0067062
2025-03-24,7.381,5.831,6.6059995,12.6,13.32,10.45,5.35,6.8916664,0.5,12.049249,-3.0689998,3.0689998,0.48099995,0.48099995,-0.28566694,0.28566694,12.1,12.1,1.270751,1.270751
2025-03-25,12.781,2.9810002,7.964333,0.0,10.799999,12.65,0.65,6.858333,0.0,10.7714615,0.13100052,0.13100052,2.3310003,2.3310003,1.106,1.106,0.0,0.0,0.02853775,0.02853775
2025-03-26,10.981,5.6809998,8.664332,0.2,11.5199995,13.1,4.25,8.358333,0.5,10.185519,-2.1190004,2.1190004,1.4309998,1.4309998,0.30599976,0.30599976,-0.3,0.3,1.3344803,1.3344803
2025-03-27,10.281,5.381,8.072667,0.2,11.159999,9.75,6.2,7.7833343,0.3,9.19939,0.53100014,0.53100014,-0.81899977,0.81899977,0.28933287,0.28933287,-0.10000001,0.10000001,1.9606085,1.9606085
2025-03-28,13.731,2.831,8.335168,0.0,12.599999,13.8,1.1,7.7520833,0.0,11.885453,-0.069000244,0.069000244,1.7310001,1.7310001,0.5830846,0.5830846,0.0,0.0,0.7145462,0.7145462
2025-03-29,16.081,6.231,10.964333,0.0,18.359999,16.3,5.6,10.395833,0.0,14.813683,-0.21899986,0.21899986,0.63100004,0.63100004,0.56849957,0.56849957,0.0,0.0,3.5463161,3.5463161
2025-03-30,16.480999,5.1809998,10.216416,2.1999998,13.32,16.5,4.15,9.708333,1.8000001,13.54911,-0.019001007,0.019001007,1.0309997,1.0309997,0.50808334,0.50808334,0.39999974,0.39999974,-0.22911072,0.22911072
2025-03-31,11.781,7.631,8.89975,0.2,13.679999,12.2,4.6,8.391667,0.6,14.2336645,-0.41899967,0.41899967,3.0310001,3.0310001,0.5080824,0.5080824,-0.40000004,0.40000004,-0.55366516,0.55366516
2025-04-01,12.981,6.4309998,9.389334,0.0,15.4800005,14.05,5.35,9.635417,0.6,15.146761,-1.0690002,1.0690002,1.0809999,1.0809999,-0.24608326,0.24608326,-0.6,0.6,0.33323956,0.33323956
2025-04-02,16.531,6.881,11.539334,0.0,18.359999,16.9,6.0,10.958332,0.0,18.273325,-0.36899948,0.36899948,0.88100004,0.88100004,0.58100224,0.58100224,0.0,0.0,0.08667374,0.08667374
2025-04-03,18.681,7.381,13.253917,0.0,11.879999,18.45,5.8,12.0270815,0.0,11.103243,0.230999,0.230999,1.5809999,1.5809999,1.2268353,1.2268353,0.0,0.0,0.7767563,0.7767563
2025-04-04,19.831,9.281,14.86225,0.1,16.56,19.5,5.5,12.860417,0.2,14.082628,0.33099937,0.33099937,3.7810001,3.7810001,2.001833,2.001833,-0.1,0.1,2.4773712,2.4773712
2025-04-05,11.181001,1.9309999,5.5393333,0.8000001,27.359999,7.85,0.9,4.48125,1.0,27.727594,3.3310008,3.3310008,1.0309999,1.0309999,1.0580835,1.0580835,-0.19999993,0.19999993,-0.36759567,0.36759567
2025-04-06,4.1809998,-0.76900005,1.7435001,0.0,24.84,4.2,-0.9,1.3708333,0.0,24.412407,-0.019000053,0.019000053,0.13099992,0.13099992,0.37266684,0.37266684,0.0,0.0,0.42759323,0.42759323
2025-04-07,7.9809995,-1.069,3.7539165,3.1999998,18.0,7.15,-2.85,2.76875,2.8000002,18.65151,0.8309994,0.8309994,1.7809999,1.7809999,0.98516655,0.98516655,0.39999962,0.39999962,-0.65151024,0.65151024
2025-04-08,8.931001,2.881,5.4435,0.1,18.0,9.2,0.75,4.560416,0.3,22.511517,-0.2689991,0.2689991,2.131,2.131,0.8830838,0.8830838,-0.20000002,0.20000002,-4.5115166,4.5115166
2025-04-09,8.981,0.231,4.7122493,6.7,22.68,9.95,-1.95,4.2437496,2.9,18.954777,-0.96899986,0.96899986,2.181,2.181,0.46849966,0.46849966,3.7999997,3.7999997,3.7252235,3.7252235
2025-04-10,4.2809997,0.13100001,2.7705832,2.0000002,25.919998,6.0,-1.25,2.73125,1.6000001,25.423365,-1.7190003,1.7190003,1.381,1.381,0.039333105,0.039333105,0.4000001,0.4000001,0.49663353,0.49663353
2025-04-11,8.031,2.931,5.9893327,9.8,18.0,9.8,2.3,6.5,6.7,21.02921,-1.769,1.769,0.63100004,0.63100004,-0.5106673,0.5106673,3.1000004,3.1000004,-3.0292091,3.0292091
2025-04-12,14.781,3.0310001,9.414332,0.0,15.84,15.0,1.5,8.664582,0.0,12.632101,-0.21899986,0.21899986,1.5310001,1.5310001,0.74975014,0.74975014,0.0,0.0,3.207899,3.207899
2025-04-13,19.980999,5.0309997,13.2247505,0.0,15.119999,19.85,4.5,12.681251,0.0,15.198012,0.13099861,0.13099861,0.53099966,0.53099966,0.54349995,0.54349995,0.0,0.0,-0.07801342,0.07801342
2025-04-14,22.781,13.581,17.616419,0.0,14.759999,22.45,12.6,16.80833,0.0,11.043261,0.33099937,0.33099937,0.98099995,0.98099995,0.8080883,0.8080883,0.0,0.0,3.7167387,3.7167387
2025-04-15,18.831,11.181001,14.666417,3.1000001,24.119999,19.85,10.0,14.495834,1.1,23.304268,-1.019001,1.019001,1.1810007,1.1810007,0.17058277,0.17058277,2.0,2.0,0.81573105,0.81573105
2025-04-16,22.531,12.331,16.676834,5.7000003,18.359999,23.85,11.9,17.5125,0.6,15.659999,-1.3190002,1.3190002,0.4310007,0.4310007,-0.83566666,0.83566666,5.1000004,5.1000004,2.6999998,2.6999998
2025-04-17,27.230999,14.1310005,20.635166,0.0,15.84,28.4,12.75,20.731249,0.0,17.533146,-1.1690006,1.1690006,1.3810005,1.3810005,-0.09608269,0.09608269,0.0,0.0,-1.6931458,1.6931458
2025-04-18,27.081,17.130999,20.995584,14.1,13.679999,27.25,16.0,20.641665,0.1,13.698934,-0.16900063,0.16900063,1.1309986,1.1309986,0.35391998,0.35391998,14.0,14.0,-0.01893425,0.01893425
2025-04-19,19.630999,13.531,16.568499,0.0,14.4,19.65,11.9,15.691667,0.0,13.681184,-0.019001007,0.019001007,1.6310005,1.6310005,0.876832,0.876832,0.0,0.0,0.7188158,0.7188158
2025-04-20,22.281,12.331,17.645582,0.0,12.24,23.3,10.1,16.945833,0.0,11.903159,-1.0189991,1.0189991,2.231,2.231,0.699749,0.699749,0.0,0.0,0.33684063,0.33684063
2025-04-21,24.781,11.8810005,18.84975,0.0,11.159999,25.2,10.1,18.195833,0.0,8.035746,-0.41900063,0.41900063,1.7810001,1.7810001,0.6539173,0.6539173,0.0,0.0,3.1242533,3.1242533
2025-04-22,21.031,13.6310005,17.795584,0.0,14.759999,22.25,11.95,16.914581,0.0,13.861168,-1.2189999,1.2189999,1.6810007,1.6810007,0.8810024,0.8810024,0.0,0.0,0.89883137,0.89883137
2025-04-23,21.581,10.831,16.685165,0.0,11.159999,21.4,9.25,15.587498,0.0,9.178235,0.18099976,0.18099976,1.5810003,1.5810003,1.0976677,1.0976677,0.0,0.0,1.9817638,1.9817638
2025-04-24,21.880999,13.3810005,17.420584,0.0,18.359999,23.6,11.15,16.970835,1.3000001,14.369594,-1.7190018,1.7190018,2.231001,2.231001,0.449749,0.449749,-1.3000001,1.3000001,3.990405,3.990405
2025-04-25,16.181,8.831,12.7893305,8.5,18.72,16.45,7.4,12.312499,7.2,17.570988,-0.269001,0.269001,1.4310002,1.4310002,0.47683144,0.47683144,1.3000002,1.3000002,1.1490116,1.1490116
2025-04-26,12.8810005,3.9810002,8.928917,0.0,15.4800005,12.45,2.7,7.88125,0.0,14.539945,0.4310007,0.4310007,1.2810001,1.2810001,1.047667,1.047667,0.0,0.0,0.94005585,0.94005585
2025-04-27,13.581,3.831,9.226832,0.0,11.879999,13.95,2.0,8.45625,0.0,9.913082,-0.36899948,0.36899948,1.8310001,1.8310001,0.7705822,0.7705822,0.0,0.0,1.966917,1.966917
2025-04-28,18.730999,5.231,12.708083,0.0,8.28,19.55,3.4,12.224999,0.0,7.889259,-0.81900024,0.81900024,1.8309999,1.8309999,0.48308372,0.48308372,0.0,0.0,0.39074087,0.39074087
2025-04-29,19.730999,10.081,15.424748,0.0,18.72,21.0,7.95,14.927085,0.0,19.770523,-1.269001,1.269001,2.1310005,2.1310005,0.4976635,0.4976635,0.0,0.0,-1.0505238,1.0505238
2025-04-30,20.781,9.681001,16.128918,0.0,18.0,21.15,7.2,15.147916,0.0,15.035119,-0.36899948,0.36899948,2.481001,2.481001,0.98100185,0.98100185,0.0,0.0,2.964881,2.964881
2025-05-01,19.431,11.231,15.820584,0.0,13.32,19.6,9.25,14.950001,0.0,10.134496,-0.16900063,0.16900063,1.981,1.981,0.87058353,0.87058353,0.0,0.0,3.185504,3.185504
2025-05-02,24.130999,8.731,17.105999,0.5,14.4,25.25,8.1,17.722918,0.2,17.065859,-1.1190014,1.1190014,0.63099957,0.63099957,-0.61691856,0.61691856,0.3,0.3,-2.6658592,2.6658592
2025-05-03,21.531,15.1310005,18.053917,1.1,15.4800005,21.95,13.75,17.472918,6.6,14.98331,-0.41900063,0.41900063,1.3810005,1.3810005,0.5809994,0.5809994,-5.5,5.5,0.49669075,0.49669075
2025-05-04,16.281,10.431001,14.260165,6.7,24.48,16.55,9.3,13.808333,5.0999994,24.13477,-0.2689991,0.2689991,1.1310005,1.1310005,0.45183182,0.45183182,1.6000004,1.6000004,0.3452301,0.3452301
2025-05-05,11.781,7.4309998,9.272667,0.0,17.28,11.25,5.7,8.437501,0.2,14.428097,0.53100014,0.53100014,1.731,1.731,0.835166,0.835166,-0.2,0.2,2.851904,2.851904
2025-05-06,15.331,5.0309997,10.664333,0.0,13.32,14.95,2.5,9.385417,0.0,11.594292,0.38100052,0.38100052,2.5309997,2.5309997,1.2789164,1.2789164,0.0,0.0,1.725708,1.725708
2025-05-07,13.531,5.581,9.4435,0.0,15.4800005,13.7,5.2,9.035418,0.0,17.035456,-0.16899967,0.16899967,0.38100004,0.38100004,0.408082,0.408082,0.0,0.0,-1.5554552,1.5554552
2025-05-08,12.231,3.381,8.28725,0.0,13.32,12.0,1.5,7.1791663,0.0,14.275713,0.23099995,0.23099995,1.881,1.881,1.1080832,1.1080832,0.0,0.0,-0.9557133,0.9557133
2025-05-09,11.481,4.7809997,8.110167,2.6000001,14.04,11.55,3.85,7.833334,2.1,14.045767,-0.069000244,0.069000244,0.93099976,0.93099976,0.27683258,0.27683258,0.50000024,0.50000024,-0.0057668686,0.0057668686
2025-05-10,10.231,7.7809997,8.926833,5.4,18.72,10.15,6.5,8.633332,5.6999993,16.344355,0.08100033,0.08100033,1.2809997,1.2809997,0.2935009,0.2935009,-0.29999924,0.29999924,2.3756447,2.3756447
2025-05-11,14.481,4.081,9.29975,2.9,16.919998,13.05,3.5,8.44375,2.3,10.120098,1.4309998,1.4309998,0.58099985,0.58099985,0.85599995,0.85599995,0.60000014,0.60000014,6.7999,6.7999
2025-05-12,15.081,5.831,10.991417,0.0,12.24,13.95,3.65,9.60625,0.0,12.882267,1.1310005,1.1310005,2.1809998,2.1809998,1.3851671,1.3851671,0.0,0.0,-0.6422672,0.6422672
2025-05-13,16.880999,6.381,12.3914175,0.1,11.879999,16.4,4.05,11.314583,0.3,13.184308,0.480999,0.480999,2.3309999,2.3309999,1.0768347,1.0768347,-0.20000002,0.20000002,-1.3043089,1.3043089
2025-05-14,19.480999,7.731,13.166417,15.4,19.44,19.5,6.3,12.858334,7.0000005,19.56046,-0.019001007,0.019001007,1.4309998,1.4309998,0.30808353,0.30808353,8.4,8.4,-0.1204586,0.1204586
2025-05-15,10.1310005,4.631,7.2268333,0.2,19.8,11.7,3.45,6.854166,2.6,19.228851,-1.5689993,1.5689993,1.181,1.181,0.3726673,0.3726673,-2.3999999,2.3999999,0.5711479,0.5711479
2025-05-16,8.931001,5.831,7.1643333,14.300001,28.08,8.9,4.8,6.679168,9.599999,27.82325,0.031001091,0.031001091,1.0309997,1.0309997,0.48516512,0.48516512,4.7000017,4.7000017,0.2567501,0.2567501
2025-05-17,9.331,4.481,7.2476673,11.000002,25.56,11.0,4.1,7.195832,7.2999997,25.745035,-1.6689997,1.6689997,0.38100004,0.38100004,0.051835537,0.051835537,3.7000022,3.7000022,-0.1850357,0.1850357
2025-05-18,11.6310005,5.981,8.701833,2.0,11.879999,10.65,3.85,7.4979167,2.1,8.297589,0.9810009,0.9810009,2.131,2.131,1.2039161,1.2039161,-0.099999905,0.099999905,3.5824099,3.5824099
2025-05-19,16.331,5.481,11.695582,0.0,15.119999,14.8,3.6,10.195832,0.0,11.521406,1.5309992,1.5309992,1.881,1.881,1.4997501,1.4997501,0.0,0.0,3.5985928,3.5985928
2025-05-20,21.331,10.081,15.978916,1.2,15.84,20.45,8.15,14.483335,0.6,15.778516,0.8809986,0.8809986,1.9310007,1.9310007,1.4955816,1.4955816,0.6,0.6,0.061484337,0.061484337
2025-05-21,24.081,12.731,17.29142,6.6,17.64,22.4,10.35,16.831251,0.0,16.189997,1.6809998,1.6809998,2.3809996,2.3809996,0.46016884,0.46016884,6.6,6.6,1.4500027,1.4500027
2025-05-22,19.880999,12.181001,15.556001,3.8999999,20.16,20.25,10.95,15.018752,5.7,15.077082,-0.3690014,0.3690014,1.2310009,1.2310009,0.5372486,0.5372486,-1.8,1.8,5.082918,5.082918
2025-05-23,15.281,9.931001,12.510167,3.3999999,13.32,15.55,8.95,11.770831,2.6,11.897714,-0.26900005,0.26900005,0.9810009,0.9810009,0.739336,0.739336,0.79999995,0.79999995,1.422286,1.422286
2025-05-24,15.3810005,11.181001,13.17475,0.3,12.599999,15.8,8.5,12.404168,0.0,9.914717,-0.41899967,0.41899967,2.6810007,2.6810007,0.7705822,0.7705822,0.3,0.3,2.6852827,2.6852827
2025-05-25,19.931,9.031,15.495583,0.0,10.440001,19.4,5.45,13.764585,0.0,8.461914,0.53100014,0.53100014,3.5810003,3.5810003,1.730998,1.730998,0.0,0.0,1.9780865,1.9780865
2025-05-26,21.630999,9.781,16.428919,0.0,14.4,20.8,8.0,14.847917,4.7,14.33234,0.8309994,0.8309994,1.7810001,1.7810001,1.5810022,1.5810022,-4.7,4.7,0.06765938,0.06765938
2025-05-27,22.130999,11.981,17.57475,0.0,14.759999,21.95,9.6,16.422918,0.0,12.69351,0.18099785,0.18099785,2.3809996,2.3809996,1.1518326,1.1518326,0.0,0.0,2.0664892,2.0664892
2025-05-28,23.781,14.231,19.181002,33.399998,13.32,24.35,11.6,18.7625,0.0,14.471821,-0.56900024,0.56900024,2.6309996,2.6309996,0.4185009,0.4185009,33.399998,33.399998,-1.1518211,1.1518211
2025-05-29,17.431,12.3810005,14.753918,11.7,24.119999,17.85,11.2,14.572918,8.400001,23.090569,-0.41900063,0.41900063,1.1810007,1.1810007,0.18099976,0.18099976,3.2999992,3.2999992,1.0294304,1.0294304
2025-05-30,20.531,8.981,14.901834,0.1,20.16,20.05,7.4,14.172916,0.0,17.5931,0.4810009,0.4810009,1.5809999,1.5809999,0.7289171,0.7289171,0.1,0.1,2.5669003,2.5669003
2025-05-31,23.031,15.481,19.278917,3.0,18.0,23.45,14.25,18.887499,1.3000001,17.71789,-0.41900063,0.41900063,1.231,1.231,0.39141846,0.39141846,1.6999999,1.6999999,0.2821102,0.2821102
2025-06-01,27.230999,16.130999,21.04975,5.8000007,15.119999,26.0,12.7,19.900002,2.6999998,12.514855,1.230999,1.230999,3.4309988,3.4309988,1.1497478,1.1497478,3.1000009,3.1000009,2.6051435,2.6051435
2025-06-02,24.431,19.181,21.149748,0.8,16.199999,25.85,17.4,20.920832,0.2,14.401124,-1.4190006,1.4190006,1.7810001,1.7810001,0.22891617,0.22891617,0.6,0.6,1.7988749,1.7988749
2025-06-03,22.081,16.130999,18.689333,9.7,19.44,22.8,15.55,18.699999,7.6000004,14.083778,-0.71899986,0.71899986,0.5809984,0.5809984,-0.010665894,0.010665894,2.0999994,2.0999994,5.356222,5.356222
2025-06-04,25.480999,13.781,20.051832,13.2,22.68,25.95,12.9,20.629166,1.4000001,16.167967,-0.46900177,0.46900177,0.8810005,0.8810005,-0.57733345,0.57733345,11.799999,11.799999,6.5120335,6.5120335
2025-06-05,24.980999,18.130999,22.02475,32.0,16.199999,25.1,17.9,21.983332,2.3,18.720863,-0.11900139,0.11900139,0.230999,0.230999,0.041418076,0.041418076,29.7,29.7,-2.5208645,2.5208645
2025-06-06,26.230999,18.380999,21.933084,2.5,21.24,26.75,16.55,21.447916,1.0,20.172853,-0.519001,0.519001,1.8309994,1.8309994,0.48516846,0.48516846,1.5,1.5,1.0671463,1.0671463
2025-06-07,22.331,16.831,18.947666,3.2000003,15.119999,23.9,15.85,19.356249,6.7999997,16.74387,-1.5690002,1.5690002,0.980999,0.980999,-0.4085827,0.4085827,-3.5999994,3.5999994,-1.6238708,1.6238708
2025-06-08,20.630999,16.031,18.37058,0.0,18.72,22.15,14.6,17.8375,3.2,15.779543,-1.519001,1.519001,1.4309998,1.4309998,0.53308105,0.53308105,-3.2,3.2,2.9404564,2.9404564
2025-06-09,16.630999,11.3810005,13.697667,4.0,26.64,17.05,10.7,14.14375,1.6,25.027767,-0.41900063,0.41900063,0.6810007,0.6810007,-0.44608307,0.44608307,2.4,2.4,1.6122322,1.6122322
2025-06-10,20.130999,9.431001,15.580997,2.8,15.4800005,20.45,7.85,15.097915,2.1000001,14.799459,-0.31900215,0.31900215,1.5810008,1.5810008,0.48308277,0.48308277,0.6999998,0.6999998,0.68054104,0.68054104
2025-06-11,20.331,13.6310005,15.651834,7.5,24.119999,19.65,12.8,15.602084,3.4999998,21.771072,0.68099976,0.68099976,0.8310003,0.8310003,0.049749374,0.049749374,4.0,4.0,2.3489265,2.3489265
2025-06-12,19.380999,10.8810005,15.137252,0.0,19.8,18.7,9.45,14.450001,0.0,22.075516,0.68099785,0.68099785,1.4310007,1.4310007,0.6872511,0.6872511,0.0,0.0,-2.2755165,2.2755165
2025-06-13,21.181,10.681001,15.935165,0.0,16.56,20.25,9.35,15.266665,0.1,14.687382,0.93099976,0.93099976,1.3310003,1.3310003,0.66849995,0.66849995,-0.1,0.1,1.8726177,1.8726177
2025-06-14,23.480999,12.331,18.770582,0.0,11.5199995,23.65,10.85,17.952082,0.0,9.257321,-0.16900063,0.16900063,1.481,1.481,0.8185005,0.8185005,0.0,0.0,2.2626781,2.2626781
2025-06-15,27.431,15.681001,22.056,0.0,9.72,27.6,12.6,21.354166,0.0,8.825508,-0.16900063,0.16900063,3.0810003,3.0810003,0.7018337,0.7018337,0.0,0.0,0.89449215,0.89449215
2025-06-16,28.730999,16.331,21.143497,0.5,22.319998,29.4,15.25,20.947916,7.7999997,19.759048,-0.6690006,0.6690006,1.0809994,1.0809994,0.19558144,0.19558144,-7.2999997,7.2999997,2.5609493,2.5609493
2025-06-17,22.781,14.281,19.087252,0.0,16.919998,22.05,13.0,18.045834,0.0,20.423456,0.7310009,0.7310009,1.2810001,1.2810001,1.0414181,1.0414181,0.0,0.0,-3.503458,3.503458
2025-06-18,27.880999,16.431,22.270584,0.0,22.68,26.6,13.85,20.78125,0.70000005,23.48362,1.2809982,1.2809982,2.5809994,2.5809994,1.4893341,1.4893341,-0.70000005,0.70000005,-0.8036194,0.8036194
2025-06-19,21.730999,15.681001,18.366413,0.2,24.84,22.1,13.9,17.304167,0.1,26.009844,-0.3690014,0.3690014,1.7810011,1.7810011,1.0622463,1.0622463,0.1,0.1,-1.1698437,1.1698437
2025-06-20,21.831,12.781,17.485165,0.0,23.039999,21.35,10.95,16.383333,0.2,22.644258,0.480999,0.480999,1.8310003,1.8310003,1.1018314,1.1018314,-0.2,0.2,0.3957405,0.3957405
2025-06-21,23.980999,11.981,19.11433,0.0,17.28,24.25,9.65,18.237501,0.0,17.160524,-0.269001,0.269001,2.3310003,2.3310003,0.87682915,0.87682915,0.0,0.0,0.11947632,0.11947632
2025-06-22,26.380999,17.181,21.653915,0.0,21.599998,26.35,15.9,20.945833,0.1,17.975681,0.03099823,0.03099823,1.2810001,1.2810001,0.7080822,0.7080822,-0.1,0.1,3.6243172,3.6243172
2025-06-23,30.130999,15.081,22.210167,0.0,23.4,31.75,13.1,21.352083,4.6,19.64558,-1.6190014,1.6190014,1.981,1.981,0.8580837,0.8580837,-4.6,4.6,3.7544193,3.7544193
2025-06-24,21.781,14.531,18.81225,0.3,25.56,20.4,13.25,17.491663,0.1,26.478973,1.3810005,1.3810005,1.2810001,1.2810001,1.3205872,1.3205872,0.20000002,0.20000002,-0.9189739,0.9189739
2025-06-25,23.681,17.230999,19.733082,1.5,30.599998,23.45,14.45,18.3,4.7000003,26.122334,0.230999,0.230999,2.7809992,2.7809992,1.4330826,1.4330826,-3.2000003,3.2000003,4.477665,4.477665
2025-06-26,25.531,14.081,20.489334,0.0,14.04,23.9,12.0,18.775002,0.0,11.631956,1.6310005,1.6310005,2.0810003,2.0810003,1.7143326,1.7143326,0.0,0.0,2.4080439,2.4080439
2025-06-27,25.130999,16.380999,20.520584,3.1000001,20.880001,24.35,14.95,19.43125,11.599999,22.43944,0.78099823,0.78099823,1.4309988,1.4309988,1.0893345,1.0893345,-8.499999,8.499999,-1.5594387,1.5594387
2025-06-28,22.980999,13.931001,19.251835,0.0,20.16,21.75,13.5,18.166666,0.1,21.52261,1.230999,1.230999,0.4310007,0.4310007,1.0851688,1.0851688,-0.1,0.1,-1.3626099,1.3626099
2025-06-29,26.230999,18.380999,22.212248,2.7,23.759998,25.1,17.15,21.254168,1.8,24.838694,1.1309986,1.1309986,1.230999,1.230999,0.9580803,0.9580803,0.9000001,0.9000001,-1.0786953,1.0786953
2025-06-30,24.230999,14.781,19.16225,0.0,21.24,21.95,13.3,17.422916,0.0,22.06377,2.2809982,2.2809982,1.481,1.481,1.7393341,1.7393341,0.0,0.0,-0.8237705,0.8237705
2025-07-01,26.581,13.531,20.887247,0.0,14.759999,25.75,10.7,18.775,0.0,14.650938,0.8309994,0.8309994,2.8310003,2.8310003,2.1122475,2.1122475,0.0,0.0,0.10906124,0.10906124
2025-07-02,31.880999,17.431,25.485168,0.0,10.440001,31.15,13.7,23.860413,0.0,11.098865,0.730999,0.730999,3.731,3.731,1.6247559,1.6247559,0.0,0.0,-0.658864,0.658864
2025-07-03,35.731003,19.931,27.051834,0.0,25.919998,35.65,19.3,26.356255,0.0,21.67487,0.08100128,0.08100128,0.6310005,0.6310005,0.6955795,0.6955795,0.0,0.0,4.2451286,4.2451286
2025-07-04,24.730999,16.831,20.541414,0.0,17.28,23.6,14.0,19.00625,0.0,16.940096,1.1309986,1.1309986,2.8309994,2.8309994,1.5351639,1.5351639,0.0,0.0,0.3399048,0.3399048
2025-07-05,26.581,15.531,21.714333,0.0,15.84,27.05,11.9,20.929167,0.0,14.05845,-0.46899986,0.46899986,3.6310005,3.6310005,0.7851658,0.7851658,0.0,0.0,1.7815504,1.7815504
2025-07-06,30.730999,18.130999,24.287252,0.0,16.919998,31.3,17.95,25.381248,0.0,15.233148,-0.56900024,0.56900024,0.18099785,0.18099785,-1.093996,1.093996,0.0,0.0,1.6868505,1.6868505
2025-07-07,23.081,18.831,20.8435,2.4,18.359999,24.05,17.35,20.845835,8.0,13.929953,-0.96899986,0.96899986,1.480999,1.480999,-0.0023345947,0.0023345947,-5.6,5.6,4.430046,4.430046
2025-07-08,26.331,16.681,19.989334,2.5,21.96,25.05,14.85,18.822916,5.5,13.004921,1.2810001,1.2810001,1.8309994,1.8309994,1.1664181,1.1664181,-3.0,3.0,8.955078,8.955078
2025-07-09,17.880999,14.781,15.88725,42.0,21.599998,16.7,14.45,15.377086,42.299995,18.345877,1.1809978,1.1809978,0.33100033,0.33100033,0.51016426,0.51016426,-0.29999542,0.29999542,3.2541218,3.2541218
2025-07-10,19.031,14.031,15.931001,0.70000005,20.519999,20.3,13.2,16.216665,1.3000001,20.592503,-1.2689991,1.2689991,0.8310003,0.8310003,-0.28566456,0.28566456,-0.6,0.6,-0.07250404,0.07250404
2025-07-11,16.931,13.281,14.766415,3.1,27.359999,17.3,13.4,15.095832,2.3,20.256998,-0.36899948,0.36899948,-0.11899948,0.11899948,-0.32941723,0.32941723,0.79999995,0.79999995,7.1030006,7.1030006
2025-07-12,18.931,13.581,15.887248,1.9,16.919998,19.2,13.2,15.912501,3.3999999,18.022486,-0.269001,0.269001,0.38100052,0.38100052,-0.025253296,0.025253296,-1.4999999,1.4999999,-1.1024876,1.1024876
2025-07-13,24.630999,13.931001,19.801832,1.7,12.599999,23.65,14.1,19.447914,0.6,11.345712,0.980999,0.980999,-0.16899967,0.16899967,0.35391808,0.35391808,1.1,1.1,1.2542877,1.2542877
2025-07-14,26.831,15.881,21.028913,1.9,15.84,24.25,15.55,19.970833,1.2,11.090103,2.5809994,2.5809994,0.33099937,0.33099937,1.0580807,1.0580807,0.6999999,0.6999999,4.749897,4.749897
2025-07-15,26.281,17.581,21.772665,0.2,23.4,25.3,16.05,20.970833,0.2,12.093535,0.9810009,0.9810009,1.5310001,1.5310001,0.8018322,0.8018322,0.0,0.0,11.306464,11.306464
2025-07-16,20.531,16.531,18.678917,8.5,24.48,19.3,15.05,17.166664,12.200001,16.985935,1.2310009,1.2310009,1.481,1.481,1.5122528,1.5122528,-3.7000008,3.7000008,7.4940643,7.4940643
2025-07-17,22.730999,15.081,18.914331,0.1,12.599999,22.35,12.9,18.229166,0.70000005,8.723967,0.3809986,0.3809986,2.1810007,2.1810007,0.6851654,0.6851654,-0.6,0.6,3.8760328,3.8760328
2025-07-18,25.480999,16.480999,20.658081,1.5,17.64,23.6,14.15,19.031252,1.7,12.261157,1.8809986,1.8809986,2.3309994,2.3309994,1.6268291,1.6268291,-0.20000005,0.20000005,5.3788424,5.3788424
2025-07-19,22.480999,17.230999,19.535168,0.5,11.879999,22.3,15.5,18.785418,4.5000005,13.854155,0.18099976,0.18099976,1.730999,1.730999,0.74975014,0.74975014,-4.0000005,4.0000005,-1.9741554,1.9741554
2025-07-20,25.681,18.181,21.166416,7.8,20.16,24.3,16.65,20.439585,7.6,14.275713,1.3810005,1.3810005,1.5310001,1.5310001,0.72683144,0.72683144,0.20000029,0.20000029,5.884287,5.884287
2025-07-21,28.931,18.531,24.13725,0.0,11.879999,28.2,16.9,23.025,0.1,8.557102,0.730999,0.730999,1.6310005,1.6310005,1.1122513,1.1122513,-0.1,0.1,3.322897,3.322897
2025-07-22,25.581,18.480999,22.52475,6.5,22.68,24.55,18.1,21.379166,5.0,20.712517,1.0310001,1.0310001,0.3809986,0.3809986,1.1455841,1.1455841,1.5,1.5,1.9674835,1.9674835
2025-07-23,24.230999,16.831,20.581,3.1,16.919998,24.1,15.45,19.7125,0.8000001,16.50218,0.13099861,0.13099861,1.3809996,1.3809996,0.86849976,0.86849976,2.2999997,2.2999997,0.41781807,0.41781807
2025-07-24,25.031,17.880999,21.606003,0.0,17.28,24.15,16.85,20.7125,0.5,19.803272,0.8810005,0.8810005,1.0309982,1.0309982,0.8935032,0.8935032,-0.5,0.5,-2.5232716,2.5232716
2025-07-25,27.081,18.480999,22.77475,0.1,15.4800005,25.1,15.95,20.820833,1.1,9.6480665,1.980999,1.980999,2.5309992,2.5309992,1.9539165,1.9539165,-1.0,1.0,5.831934,5.831934
2025-07-26,26.380999,19.630999,23.091415,5.3,11.879999,27.9,17.25,22.810415,0.8,10.63372,-1.519001,1.519001,2.3809986,2.3809986,0.28100014,0.28100014,4.5,4.5,1.2462788,1.2462788
2025-07-27,23.581,20.031,21.053917,41.9,15.4800005,25.55,18.9,21.114584,12.8,13.1412325,-1.9689999,1.9689999,1.1310005,1.1310005,-0.060667038,0.060667038,29.100002,29.100002,2.338768,2.338768
2025-07-28,22.331,17.130999,20.203917,7.7,23.759998,24.3,16.15,19.652082,11.000001,23.289661,-1.9689999,1.9689999,0.980999,0.980999,0.5518341,0.5518341,-3.3000011,3.3000011,0.4703369,0.4703369
2025-07-29,20.831,15.931001,17.806,2.0,24.48,21.15,16.0,18.152082,2.2999997,23.893261,-0.31900024,0.31900024,-0.06899929,0.06899929,-0.3460827,0.3460827,-0.2999997,0.2999997,0.5867386,0.5867386
2025-07-30,23.831,14.781,19.772667,0.0,15.119999,22.4,13.3,17.975,0.0,13.418153,1.4309998,1.4309998,1.481,1.481,1.7976665,1.7976665,0.0,0.0,1.7018461,1.7018461
2025-07-31,21.730999,15.431001,17.65183,1.1,13.679999,20.6,13.35,16.83125,3.1,11.901798,1.1309986,1.1309986,2.0810003,2.0810003,0.82058144,0.82058144,-1.9999999,1.9999999,1.7782011,1.7782011
2025-08-01,22.781,13.8810005,18.614332,0.0,12.24,21.25,12.65,16.889582,1.1,12.991212,1.5310001,1.5310001,1.2310009,1.2310009,1.7247505,1.7247505,-1.1,1.1,-0.7512121,0.7512121
2025-08-02,23.730999,15.531,19.4435,13.5,16.56,24.7,14.45,19.620832,1.3000001,7.9077177,-0.96900177,0.96900177,1.0810003,1.0810003,-0.17733192,0.17733192,12.2,12.2,8.652282,8.652282
2025-08-03,27.831,16.831,20.510164,7.7000003,29.88,26.2,16.4,20.022917,10.5,12.638512,1.6309986,1.6309986,0.43099976,0.43099976,0.48724747,0.48724747,-2.7999997,2.7999997,17.241488,17.241488
2025-08-04,23.730999,15.431001,19.59975,0.0,14.4,22.2,14.4,18.391665,0.3,13.948548,1.5309982,1.5309982,1.0310011,1.0310011,1.208086,1.208086,-0.3,0.3,0.4514513,0.4514513
2025-08-05,26.831,15.781,21.145582,9.1,22.319998,25.35,14.1,19.797918,7.6,16.575644,1.480999,1.480999,1.6809998,1.6809998,1.3476639,1.3476639,1.5000005,1.5000005,5.7443542,5.7443542
2025-08-06,20.681,15.231,17.74558,1.0,20.880001,19.9,13.9,17.014582,1.8000001,16.62249,0.78100014,0.78100014,1.3310003,1.3310003,0.730999,0.730999,-0.8000001,0.8000001,4.257511,4.257511
2025-08-07,23.531,13.981,19.389334,0.0,10.799999,21.9,11.3,17.260416,0.0,9.102021,1.6310005,1.6310005,2.6809998,2.6809998,2.1289177,2.1289177,0.0,0.0,1.697978,1.697978
2025-08-08,25.931,14.331,19.976835,0.0,17.28,25.4,13.05,18.62292,0.4,10.8672905,0.53100014,0.53100014,1.2810001,1.2810001,1.3539162,1.3539162,-0.4,0.4,6.41271,6.41271
2025-08-09,28.480999,17.181,23.42475,0.0,9.36,27.4,13.45,21.245832,0.0,9.109138,1.0809994,1.0809994,3.731,3.731,2.178917,2.178917,0.0,0.0,0.25086212,0.25086212
2025-08-10,27.831,17.431,22.04558,0.4,30.599998,26.4,15.8,20.512499,0.8,23.02945,1.4309998,1.4309998,1.6309996,1.6309996,1.533081,1.533081,-0.4,0.4,7.570549,7.570549
2025-08-11,24.230999,14.731,19.666418,0.0,15.119999,23.0,12.6,18.095835,0.0,12.606426,1.230999,1.230999,2.1309996,2.1309996,1.5705833,1.5705833,0.0,0.0,2.5135727,2.5135727
2025-08-12,26.980999,16.531,22.189331,0.0,10.799999,26.1,13.1,19.947918,0.0,7.555712,0.8809986,0.8809986,3.4309998,3.4309998,2.241413,2.241413,0.0,0.0,3.244287,3.244287
2025-08-13,30.230999,17.130999,24.018496,0.0,12.959999,30.15,14.75,23.10833,0.0,9.139322,0.080999374,0.080999374,2.3809986,2.3809986,0.9101658,0.9101658,0.0,0.0,3.8206768,3.8206768
2025-08-14,31.130999,19.281,25.853918,0.0,13.32,31.95,17.9,25.418753,0.0,12.204212,-0.81900215,0.81900215,1.3810005,1.3810005,0.4351654,0.4351654,0.0,0.0,1.1157875,1.1157875
2025-08-15,31.681,19.531,25.79975,0.0,13.32,32.05,18.7,25.895834,0.0,13.288341,-0.36899948,0.36899948,0.8309994,0.8309994,-0.096084595,0.096084595,0.0,0.0,0.031659126,0.031659126
2025-08-16,29.281,21.130999,25.012247,0.0,16.199999,28.65,19.4,24.087502,0.0,16.092644,0.6310005,0.6310005,1.730999,1.730999,0.92474556,0.92474556,0.0,0.0,0.10735512,0.10735512
2025-08-17,24.281,16.831,20.447664,0.0,16.919998,23.55,14.1,18.964582,0.0,17.610588,0.7310009,0.7310009,2.730999,2.730999,1.4830818,1.4830818,0.0,0.0,-0.6905899,0.6905899
2025-08-18,19.781,15.031,17.441416,0.0,13.32,20.6,12.7,16.914583,2.2,12.791403,-0.81900024,0.81900024,2.3310003,2.3310003,0.5268326,0.5268326,-2.2,2.2,0.5285969,0.5285969
2025-08-19,24.031,14.3810005,19.533081,0.0,10.440001,23.55,11.3,18.097918,0.0,9.867218,0.4810009,0.4810009,3.0810003,3.0810003,1.4351635,1.4351635,0.0,0.0,0.5727825,0.5727825
2025-08-20,26.480999,16.581,20.716413,0.0,18.0,25.6,14.2,19.283333,0.4,17.1,0.8809986,0.8809986,2.3809996,2.3809996,1.4330807,1.4330807,-0.4,0.4,0.8999996,0.8999996
2025-08-21,23.031,11.981,17.928919,0.0,11.879999,22.95,10.3,16.956251,0.0,11.173057,0.080999374,0.080999374,1.6809998,1.6809998,0.9726677,0.9726677,0.0,0.0,0.70694256,0.70694256
2025-08-22,21.931,13.081,17.997665,0.0,16.56,21.2,11.0,16.525,0.0,18.307865,0.730999,0.730999,2.0810003,2.0810003,1.4726658,1.4726658,0.0,0.0,-1.7478657,1.7478657
2025-08-23,18.681,11.831,15.095581,4.6000004,20.880001,18.65,10.2,14.383334,1.3000001,19.99297,0.031000137,0.031000137,1.6310005,1.6310005,0.7122469,0.7122469,3.3000002,3.3000002,0.88703156,0.88703156
2025-08-24,18.630999,10.081,14.070583,0.8000001,20.880001,18.1,9.15,13.764584,0.6,21.603,0.53099823,0.53099823,0.9310007,0.9310007,0.30599976,0.30599976,0.20000005,0.20000005,-0.7229996,0.7229996
2025-08-25,19.081,11.3810005,14.789332,1.7000002,24.84,17.85,10.65,13.727082,9.199999,20.696869,1.230999,1.230999,0.7310009,0.7310009,1.0622501,1.0622501,-7.4999986,7.4999986,4.1431313,4.1431313
2025-08-26,19.681,11.231,15.691418,0.0,16.199999,19.15,9.45,14.345833,0.6,16.029097,0.53100014,0.53100014,1.7810001,1.7810001,1.3455849,1.3455849,-0.6,0.6,0.17090225,0.17090225
2025-08-27,24.281,11.181001,17.656,0.0,11.879999,23.4,9.7,16.472918,0.0,12.86087,0.8810005,0.8810005,1.4810009,1.4810009,1.1830826,1.1830826,0.0,0.0,-0.9808712,0.9808712
2025-08-28,31.380999,14.331,22.866419,0.0,17.64,31.75,14.15,22.872915,0.0,18.116623,-0.3690014,0.3690014,0.18100071,0.18100071,-0.0064964294,0.0064964294,0.0,0.0,-0.47662354,0.47662354
2025-08-29,29.931,21.281,25.618502,0.0,24.84,32.9,21.3,26.589579,0.0,24.17434,-2.9690018,2.9690018,-0.0189991,0.0189991,-0.97107697,0.97107697,0.0,0.0,0.66566086,0.66566086
2025-08-30,29.181,19.931,23.6435,0.0,15.119999,28.5,18.15,22.295837,0.6,18.589739,0.68099976,0.68099976,1.7810001,1.7810001,1.347662,1.347662,-0.6,0.6,-3.46974,3.46974
2025-08-31,23.130999,19.081,20.518497,1.8,12.599999,24.15,17.45,20.55208,1.1,13.154786,-1.019001,1.019001,1.6309986,1.6309986,-0.033582687,0.033582687,0.6999999,0.6999999,-0.5547867,0.5547867
2025-09-01,25.681,16.581,20.810167,0.0,12.599999,24.8,15.3,19.7,0.0,8.731391,0.8810005,0.8810005,1.2809992,1.2809992,1.1101665,1.1101665,0.0,0.0,3.8686085,3.8686085
2025-09-02,28.681,17.081,23.528913,0.0,15.119999,28.05,15.75,22.197916,0.0,13.379461,0.6310005,0.6310005,1.3309994,1.3309994,1.3309975,1.3309975,0.0,0.0,1.7405376,1.7405376
2025-09-03,22.880999,17.181,19.885168,2.1,15.119999,21.55,17.15,19.289583,1.2,11.881363,1.3309994,1.3309994,0.031000137,0.031000137,0.59558487,0.59558487,0.89999986,0.89999986,3.238636,3.238636
2025-09-04,26.281,14.681001,20.833084,0.0,9.0,26.2,13.9,20.38125,0.0,6.330782,0.080999374,0.080999374,0.7810011,0.7810011,0.45183372,0.45183372,0.0,0.0,2.669218,2.669218
2025-09-05,31.031,17.781,22.801834,5.2,39.239998,28.95,16.5,21.635416,3.5,11.844492,2.0809994,2.0809994,1.2810001,1.2810001,1.1664181,1.1664181,1.6999998,1.6999998,27.395506,27.395506
2025-09-06,23.081,17.831,19.803915,6.9,14.759999,21.65,16.45,18.781248,9.1,13.752048,1.4309998,1.4309998,1.3809986,1.3809986,1.0226669,1.0226669,-2.2000003,2.2000003,1.0079517,1.0079517
2025-09-07,20.130999,16.031,17.891417,0.0,10.799999,20.15,15.9,17.545835,0.7,10.8955765,-0.019001007,0.019001007,0.13100052,0.13100052,0.34558105,0.34558105,-0.7,0.7,-0.09557724,0.09557724
2025-09-08,24.681,16.730999,20.233082,2.3,15.84,24.0,14.7,18.83333,1.3000001,15.009236,0.68099976,0.68099976,2.0309992,2.0309992,1.3997517,1.3997517,0.9999999,0.9999999,0.8307638,0.8307638
2025-09-09,24.431,15.831,19.778917,0.0,16.56,22.8,14.45,18.275,1.0000001,15.506141,1.6310005,1.6310005,1.3810005,1.3810005,1.5039177,1.5039177,-1.0000001,1.0000001,1.0538588,1.0538588
2025-09-10,24.880999,14.931001,19.920584,0.0,17.28,24.05,13.6,19.031248,0.0,16.886454,0.8309994,0.8309994,1.3310003,1.3310003,0.88933563,0.88933563,0.0,0.0,0.39354706,0.39354706
2025-09-11,20.380999,16.081,18.085165,11.500001,25.919998,20.45,15.95,18.310415,11.000001,24.774696,-0.06900215,0.06900215,0.13099957,0.13099957,-0.22525024,0.22525024,0.5,0.5,1.1453018,1.1453018
2025-09-12,23.581,13.031,18.233084,0.0,11.879999,22.45,13.4,17.587502,0.0,9.360001,1.1309986,1.1309986,-0.36899948,0.36899948,0.6455822,0.6455822,0.0,0.0,2.5199986,2.5199986
2025-09-13,21.480999,14.581,18.335167,0.1,14.04,23.65,12.2,17.831247,0.4,12.992459,-2.1690006,2.1690006,2.3810005,2.3810005,0.5039196,0.5039196,-0.3,0.3,1.0475407,1.0475407
2025-09-14,17.681,15.331,16.328917,14.6,13.32,20.45,14.5,16.387499,9.8,14.7742605,-2.769001,2.769001,0.8310003,0.8310003,-0.058582306,0.058582306,4.8,4.8,-1.4542608,1.4542608
2025-09-15,20.431,13.781,17.035166,0.0,16.919998,20.15,12.85,16.422918,0.1,15.12964,0.28100014,0.28100014,0.93099976,0.93099976,0.61224747,0.61224747,-0.1,0.1,1.7903585,1.7903585
2025-09-16,20.130999,15.331,17.54975,0.1,22.319998,19.5,13.2,16.679169,0.2,19.561287,0.6309986,0.6309986,2.1310005,2.1310005,0.8705807,0.8705807,-0.1,0.1,2.7587109,2.7587109
2025-09-17,17.531,13.231,15.178918,0.0,19.08,16.7,11.9,13.929168,0.3,16.16496,0.8309994,0.8309994,1.3310003,1.3310003,1.2497501,1.2497501,-0.3,0.3,2.915039,2.915039
2025-09-18,19.931,11.331,15.591416,0.0,17.64,18.65,10.45,14.841668,0.3,15.315873,1.2810001,1.2810001,0.8810005,0.8810005,0.74974823,0.74974823,-0.3,0.3,2.3241262,2.3241262
2025-09-19,21.181,15.881,18.45808,0.3,18.0,21.8,14.65,18.066668,2.2999997,21.2522,-0.6189995,0.6189995,1.231,1.231,0.39141273,0.39141273,-1.9999998,1.9999998,-3.2521992,3.2521992
2025-09-20,27.480999,14.8810005,21.168499,0.0,15.84,26.7,14.2,20.122917,0.0,13.493999,0.78099823,0.78099823,0.6810007,0.6810007,1.0455818,1.0455818,0.0,0.0,2.3460016,2.3460016
2025-09-21,29.380999,17.181,22.947668,0.0,19.08,28.35,17.4,22.060417,0.0,15.760025,1.0309982,1.0309982,-0.21899986,0.21899986,0.8872509,0.8872509,0.0,0.0,3.319975,3.319975
2025-09-22,23.181,13.781,18.86225,0.3,19.8,22.15,13.4,17.710417,0.0,14.2336645,1.0310001,1.0310001,0.38100052,0.38100052,1.1518326,1.1518326,0.3,0.3,5.5663347,5.5663347
2025-09-23,16.031,10.931001,13.281001,4.0,16.199999,15.8,10.25,12.783333,1.6,11.799271,0.23099995,0.23099995,0.6810007,0.6810007,0.49766827,0.49766827,2.4,2.4,4.400728,4.400728
2025-09-24,15.481,8.581,11.843501,0.0,15.4800005,15.1,7.05,10.572917,0.0,13.5012,0.38099957,0.38099957,1.5310001,1.5310001,1.2705841,1.2705841,0.0,0.0,1.9788008,1.9788008
2025-09-25,15.431001,6.231,10.870583,0.0,15.84,15.0,4.5,9.599999,0.0,14.796175,0.4310007,0.4310007,1.731,1.731,1.2705832,1.2705832,0.0,0.0,1.0438251,1.0438251
2025-09-26,16.081,6.5309997,11.095584,0.0,16.56,15.7,5.4,10.135416,0.0,15.934829,0.38099957,0.38099957,1.1309996,1.1309996,0.9601679,0.9601679,0.0,0.0,0.6251707,0.6251707
2025-09-27,16.931,5.981,11.333081,0.0,12.599999,16.95,4.5,10.233334,0.0,10.538843,-0.019001007,0.019001007,1.481,1.481,1.0997477,1.0997477,0.0,0.0,2.0611563,2.0611563
2025-09-28,15.981,7.081,11.5435,0.0,13.32,15.1,5.15,10.052084,0.3,11.431062,0.88099957,0.88099957,1.9309998,1.9309998,1.491416,1.491416,-0.3,0.3,1.888938,1.888938
2025-09-29,11.831,8.181001,9.706,0.6,14.4,10.45,7.2,8.675,0.8,16.782528,1.3810005,1.3810005,0.9810009,0.9810009,1.0310001,1.0310001,-0.19999999,0.19999999,-2.3825283,2.3825283
2025-09-30,10.981,7.481,8.903916,0.8,14.04,12.8,7.1,9.289583,1.7,15.10821,-1.8190002,1.8190002,0.38100004,0.38100004,-0.38566685,0.38566685,-0.90000004,0.90000004,-1.0682096,1.0682096
2025-10-01,12.6310005,6.4309998,9.28725,0.3,14.04,12.45,5.25,8.874999,0.4,14.677452,0.18100071,0.18100071,1.1809998,1.1809998,0.41225052,0.41225052,-0.099999994,0.099999994,-0.6374521,0.6374521
2025-10-02,11.8810005,3.8810003,7.4935,0.0,10.799999,11.35,1.65,6.035416,0.0,9.144637,0.53100014,0.53100014,2.2310004,2.2310004,1.4580841,1.4580841,0.0,0.0,1.6553621,1.6553621
2025-10-03,12.331,3.431,7.7372494,0.0,9.0,10.4,0.6,5.4,0.0,8.155807,1.9310007,1.9310007,2.8309999,2.8309999,2.3372493,2.3372493,0.0,0.0,0.84419346,0.84419346
2025-10-04,13.081,6.0309997,9.2685,2.4,20.519999,12.75,3.8,8.462501,3.0,22.256763,0.33100033,0.33100033,2.2309997,2.2309997,0.80599976,0.80599976,-0.5999999,0.5999999,-1.7367649,1.7367649
2025-10-05,13.1310005,8.581,10.566415,6.2999997,21.599998,13.35,8.5,10.333333,4.8999996,22.142927,-0.21899986,0.21899986,0.08100033,0.08100033,0.23308182,0.23308182,1.4000001,1.4000001,-0.5429287,0.5429287
2025-10-06,11.931001,7.5309997,10.218499,4.3999996,13.679999,12.8,6.95,9.985415,2.2,15.281989,-0.8689995,0.8689995,0.58099985,0.58099985,0.23308372,0.23308372,2.1999996,2.1999996,-1.6019897,1.6019897
2025-10-07,13.831,8.6310005,11.122668,0.1,10.08,14.1,6.8,10.724999,0.70000005,9.059205,-0.26900005,0.26900005,1.8310003,1.8310003,0.39766884,0.39766884,-0.6,0.6,1.0207949,1.0207949
2025-10-08,15.031,6.5309997,10.874749,0.0,8.64,14.45,2.85,8.954166,0.0,6.090812,0.5810003,0.5810003,3.6809998,3.6809998,1.9205828,1.9205828,0.0,0.0,2.5491881,2.5491881
2025-10-09,13.431001,10.331,11.714333,1.2,13.679999,13.7,8.25,10.866668,0.2,11.555103,-0.2689991,0.2689991,2.0810003,2.0810003,0.84766483,0.84766483,1.0,1.0,2.124896,2.124896
2025-10-10,13.931001,10.181001,11.708083,6.0,24.119999,14.2,8.8,11.3625,2.6999998,21.9718,-0.2689991,0.2689991,1.3810005,1.3810005,0.34558296,0.34558296,3.3000002,3.3000002,2.148199,2.148199
2025-10-11,13.3810005,9.531,11.999749,2.2999997,21.96,14.4,8.55,12.083335,2.0,19.540573,-1.0189991,1.0189991,0.98099995,0.98099995,-0.08358574,0.08358574,0.2999997,0.2999997,2.419426,2.419426
2025-10-12,11.931001,8.081,11.143498,1.0,22.319998,12.85,6.45,10.968751,3.2,23.913593,-0.9189997,0.9189997,1.6310005,1.6310005,0.17474747,0.17474747,-2.2,2.2,-1.5935955,1.5935955
2025-10-13,11.531,4.7809997,8.256,0.0,18.0,11.6,4.1,7.8833337,0.2,18.845062,-0.069000244,0.069000244,0.68099976,0.68099976,0.37266588,0.37266588,-0.2,0.2,-0.84506226,0.84506226
2025-10-14,11.781,6.581,8.547666,0.1,12.959999,11.45,5.55,7.954167,0.4,10.474082,0.33100033,0.33100033,1.0309997,1.0309997,0.5934987,0.5934987,-0.3,0.3,2.485917,2.485917
2025-10-15,10.8810005,3.081,7.0935006,0.0,12.959999,11.3,2.6,6.972917,0.0,11.841756,-0.41899967,0.41899967,0.48100019,0.48100019,0.120583534,0.120583534,0.0,0.0,1.1182432,1.1182432
2025-10-16,11.481,7.731,9.683084,0.5,15.119999,11.85,7.35,9.520833,0.6,16.13286,-0.36900043,0.36900043,0.38100004,0.38100004,0.16225052,0.16225052,-0.100000024,0.100000024,-1.0128613,1.0128613
2025-10-17,12.231,10.081,10.772667,3.3000002,15.119999,12.9,8.55,10.34375,0.5,16.053335,-0.6689997,0.6689997,1.5310001,1.5310001,0.42891693,0.42891693,2.8000002,2.8000002,-0.93333626,0.93333626
2025-10-18,9.8810005,3.181,6.2601666,10.2,26.64,8.55,3.9,6.1812496,5.9,23.621185,1.3310003,1.3310003,-0.7190001,0.7190001,0.07891703,0.07891703,4.2999997,4.2999997,3.018814,3.018814
2025-10-19,9.931001,3.831,6.470583,0.0,14.759999,9.75,2.9,5.322917,0.0,12.362475,0.18100071,0.18100071,0.931,0.931,1.147666,1.147666,0.0,0.0,2.3975239,2.3975239
2025-10-20,8.781,0.63100004,4.4476666,0.0,15.119999,8.75,-0.5,3.6562493,0.0,14.7039175,0.031000137,0.031000137,1.131,1.131,0.79141736,0.79141736,0.0,0.0,0.41608143,0.41608143
2025-10-21,10.6310005,1.331,5.810167,0.0,18.0,11.4,1.05,5.9812493,0.0,15.210799,-0.7689991,0.7689991,0.28100002,0.28100002,-0.1710825,0.1710825,0.0,0.0,2.7892008,2.7892008
2025-10-22,11.581,5.1809998,8.456,3.8,14.759999,14.9,5.25,9.512501,6.8999996,14.328949,-3.3189993,3.3189993,-0.069000244,0.069000244,-1.0565004,1.0565004,-3.0999997,3.0999997,0.4310503,0.4310503
2025-10-23,16.281,9.681001,12.656001,1.5000001,16.919998,17.4,9.55,12.910415,3.6,15.7908325,-1.1189995,1.1189995,0.13100052,0.13100052,-0.2544136,0.2544136,-2.1,2.1,1.1291656,1.1291656
2025-10-24,13.531,9.231,11.264333,18.300001,24.119999,13.7,8.2,10.597917,20.800001,18.907713,-0.16899967,0.16899967,1.0310001,1.0310001,0.66641617,0.66641617,-2.5,2.5,5.212286,5.212286
2025-10-25,10.8810005,6.6809998,8.787251,0.1,22.68,10.85,5.6,8.179166,0.0,18.39878,0.031000137,0.031000137,1.0809999,1.0809999,0.60808563,0.60808563,0.1,0.1,4.2812195,4.2812195
2025-10-26,12.181001,6.331,9.1414175,6.0,25.199999,11.65,5.5,8.2375,4.5,22.798264,0.5310011,0.5310011,0.83099985,0.83099985,0.9039173,0.9039173,1.5,1.5,2.4017353,2.4017353
2025-10-27,8.781,6.481,7.420582,7.699999,29.519999,8.95,6.4,7.402084,3.0999997,27.697197,-0.16899967,0.16899967,0.08099985,0.08099985,0.018497944,0.018497944,4.5999994,4.5999994,1.8228016,1.8228016
2025-10-28,8.231,7.081,7.6997504,4.3,24.48,9.1,6.0,7.445833,3.9999998,24.209164,-0.86900043,0.86900043,1.0809999,1.0809999,0.25391722,0.25391722,0.30000043,0.30000043,0.27083588,0.27083588
2025-10-29,12.081,7.331,9.470583,1.8000001,28.8,12.05,6.75,9.39375,1.3000001,22.91026,0.031000137,0.031000137,0.58099985,0.58099985,0.07683277,0.07683277,0.5,0.5,5.88974,5.88974
2025-10-30,13.8810005,6.331,9.253917,5.0,32.399998,14.9,5.85,9.514584,0.5,26.591913,-1.0189991,1.0189991,0.48099995,0.48099995,-0.26066685,0.26066685,4.5,4.5,5.8080845,5.8080845
2025-10-31,10.081,5.731,8.366418,0.0,30.960001,11.3,4.35,8.389584,0.0,25.674461,-1.2189999,1.2189999,1.381,1.381,-0.023165703,0.023165703,0.0,0.0,5.2855396,5.2855396
2025-11-01,12.081,3.2810001,7.781,0.0,13.679999,12.4,2.3,7.0458336,0.0,14.51876,-0.3189993,0.3189993,0.9810002,0.9810002,0.73516655,0.73516655,0.0,0.0,-0.8387604,0.8387604
2025-11-02,14.281,9.531,11.645584,2.2,12.24,15.3,9.2,11.71875,0.6,11.555102,-1.019,1.019,0.33100033,0.33100033,-0.07316589,0.07316589,1.6,1.6,0.6848974,0.6848974
2025-11-03,11.331,9.731,10.57475,11.499999,20.519999,10.75,8.65,10.00625,13.5,14.73913,0.5810003,0.5810003,1.0810003,1.0810003,0.56849957,0.56849957,-2.000001,2.000001,5.7808685,5.7808685
2025-11-04,11.981,6.981,9.514333,0.1,14.4,11.65,5.4,8.314584,0.0,11.103243,0.33100033,0.33100033,1.5809999,1.5809999,1.199749,1.199749,0.1,0.1,3.2967567,3.2967567
2025-11-05,11.081,3.7810001,7.156,0.0,14.04,11.8,3.55,7.1541667,0.0,13.896187,-0.71899986,0.71899986,0.23100019,0.23100019,0.0018334389,0.0018334389,0.0,0.0,0.14381313,0.14381313
2025-11-06,11.981,3.581,7.070583,0.0,11.879999,12.35,3.7,7.3645835,0.0,11.480557,-0.36900043,0.36900043,-0.11899996,0.11899996,-0.29400063,0.29400063,0.0,0.0,0.39944172,0.39944172
2025-11-07,10.3810005,3.681,6.71225,0.0,11.879999,10.55,3.4,6.5750003,0.0,11.9466305,-0.16899967,0.16899967,0.2809999,0.2809999,0.13724995,0.13724995,0.0,0.0,-0.06663132,0.06663132
2025-11-08,8.531,3.181,5.7601666,0.0,11.5199995,6.6,3.55,5.258333,0.0,11.19189,1.9310002,1.9310002,-0.36899996,0.36899996,0.50183344,0.50183344,0.0,0.0,0.32810974,0.32810974
2025-11-09,7.831,6.131,6.706,1.3000001,7.92,7.85,5.6,6.6854167,0.6,7.1684303,-0.019000053,0.019000053,0.53100014,0.53100014,0.020583153,0.020583153,0.70000005,0.70000005,0.75156975,0.75156975
2025-11-10,8.781,6.381,7.501833,0.8,9.0,8.0,3.95,6.683333,0.8000001,7.2359104,0.78100014,0.78100014,2.431,2.431,0.81850004,0.81850004,-5.9604645e-08,5.9604645e-08,1.7640896,1.7640896
2025-11-11,7.6809998,6.381,7.008083,0.2,7.92,7.0,5.1,6.2312493,3.0000002,6.452441,0.68099976,0.68099976,1.2810001,1.2810001,0.77683353,0.77683353,-2.8000002,2.8000002,1.4675589,1.4675589
2025-11-12,8.981,5.831,7.4914155,0.0,11.879999,8.35,4.6,5.9874997,0.0,12.864649,0.63099957,0.63099957,1.231,1.231,1.5039158,1.5039158,0.0,0.0,-0.98464966,0.98464966
2025-11-13,11.931001,5.2809997,7.7414165,0.0,14.759999,11.5,4.4,7.793751,0.0,14.138882,0.4310007,0.4310007,0.88099957,0.88099957,-0.05233431,0.05233431,0.0,0.0,0.6211176,0.6211176
2025-11-14,10.231,7.631,8.97475,0.0,16.56,10.9,7.15,8.860417,0.0,14.356058,-0.6689997,0.6689997,0.48099995,0.48099995,0.1143322,0.1143322,0.0,0.0,2.2039413,2.2039413
2025-11-15,8.931001,2.0310001,5.630999,0.8,17.28,8.2,-0.05,4.5604167,1.0,15.156386,0.7310009,0.7310009,2.081,2.081,1.0705824,1.0705824,-0.19999999,0.19999999,2.1236143,2.1236143
2025-11-16,7.231,2.0310001,4.156,3.6999998,14.4,7.75,-0.1,4.097916,5.8999996,12.886039,-0.51900005,0.51900005,2.131,2.131,0.05808401,0.05808401,-2.1999998,2.1999998,1.5139608,1.5139608
2025-11-17,7.931,4.231,5.8372498,1.5000001,18.359999,7.7,3.6,5.3520837,1.4000002,15.2501545,0.23100042,0.23100042,0.63100004,0.63100004,0.48516607,0.48516607,0.099999905,0.099999905,3.1098442,3.1098442
2025-11-18,3.931,0.8809999,2.9185,0.3,20.880001,3.75,0.35,2.70625,0.2,19.64558,0.181,0.181,0.5309999,0.5309999,0.21225,0.21225,0.10000001,0.10000001,1.2344208,1.2344208
2025-11-19,4.9309998,0.381,2.8122494,0.2,13.679999,4.5,-0.7,1.9291667,0.0,12.015589,0.43099976,0.43099976,1.081,1.081,0.88308275,0.88308275,0.2,0.2,1.6644106,1.6644106
2025-11-20,3.5310001,-0.169,1.5205832,0.0,14.4,2.85,-1.7,0.575,0.1,13.1412325,0.68100023,0.68100023,1.531,1.531,0.94558316,0.94558316,-0.1,0.1,1.2587671,1.2587671
2025-11-21,2.181,0.581,1.2914165,0.0,19.8,1.35,-0.85,0.20625003,0.0,12.906138,0.831,0.831,1.431,1.431,1.0851665,1.0851665,0.0,0.0,6.893861,6.893861
2025-11-22,2.831,-1.319,0.7997501,0.0,12.24,2.2,-2.75,-0.26875004,0.0,9.418662,0.63100004,0.63100004,1.431,1.431,1.0685002,1.0685002,0.0,0.0,2.8213377,2.8213377
2025-11-23,-0.519,-1.819,-1.0981666,3.0999997,11.5199995,-1.05,-2.75,-2.0958333,3.6999996,11.08572,0.53099996,0.53099996,0.931,0.931,0.9976667,0.9976667,-0.5999999,0.5999999,0.43427944,0.43427944
2025-11-24,0.681,-2.7689998,-0.80233335,0.3,14.759999,0.5,-2.8,-1.05625,1.8000001,13.363711,0.181,0.181,0.031000137,0.031000137,0.25391662,0.25391662,-1.5,1.5,1.3962879,1.3962879
2025-11-25,1.6309999,0.281,0.98308325,3.5,12.959999,0.95,0.1,0.49166667,4.3,13.943901,0.68099993,0.68099993,0.181,0.181,0.49141657,0.49141657,-0.8000002,0.8000002,-0.983902,0.983902
2025-11-26,2.581,0.931,1.61225,22.700003,18.359999,1.45,0.2,0.93958324,13.9,15.086748,1.131,1.131,0.731,0.731,0.6726667,0.6726667,8.800003,8.800003,3.2732506,3.2732506
2025-11-27,2.2310002,-0.018999994,1.0893335,0.5,15.84,1.55,-1.1,0.11250001,0.2,14.935662,0.68100023,0.68100023,1.0810001,1.0810001,0.9768335,0.9768335,0.3,0.3,0.9043379,0.9043379
2025-11-28,0.581,-1.119,-0.32733333,0.0,12.599999,0.35,-2.85,-1.2354167,0.0,11.616627,0.23099998,0.23099998,1.731,1.731,0.9080833,0.9080833,0.0,0.0,0.9833727,0.9833727
2025-11-29,1.831,-0.319,0.7809999,0.0,11.879999,1.65,-1.15,0.41875005,0.0,8.43699,0.181,0.181,0.831,0.831,0.36224985,0.36224985,0.0,0.0,3.4430094,3.4430094
2025-11-30,3.131,-0.319,1.5705833,0.0,6.8399997,2.15,-1.25,0.8687499,0.0,4.913044,0.98099995,0.98099995,0.931,0.931,0.7018334,0.7018334,0.0,0.0,1.9269557,1.9269557
2025-12-01,3.581,1.1309999,2.3330832,0.0,8.64,2.35,0.65,1.3208334,0.2,7.9383874,1.2310002,1.2310002,0.48099995,0.48099995,1.0122497,1.0122497,-0.2,0.2,0.70161295,0.70161295
2025-12-02,4.581,1.481,3.2539167,0.0,13.679999,4.7,0.95,2.6625001,0.0,11.638917,-0.11899996,0.11899996,0.53099996,0.53099996,0.5914166,0.5914166,0.0,0.0,2.0410824,2.0410824
2025-12-03,5.381,3.831,4.495583,0.0,13.32,5.75,3.0,4.2520833,0.0,13.538345,-0.36899996,0.36899996,0.8310001,0.8310001,0.24349976,0.24349976,0.0,0.0,-0.21834564,0.21834564
2025-12-04,5.331,3.7810001,4.714333,0.0,13.679999,5.05,1.85,3.6624997,12.5,10.783486,0.28099966,0.28099966,1.9310001,1.9310001,1.0518334,1.0518334,-12.5,12.5,2.896513,2.896513
2025-12-05,8.781,4.331,6.3247495,0.0,14.4,8.35,3.45,5.866667,0.0,14.584443,0.43099976,0.43099976,0.8809998,0.8809998,0.45808268,0.45808268,0.0,0.0,-0.18444347,0.18444347
2025-12-06,6.981,3.2310002,6.0434995,0.0,18.0,6.65,3.3,5.5604167,0.4,15.3802595,0.33099985,0.33099985,-0.06899977,0.06899977,0.48308277,0.48308277,-0.4,0.4,2.6197405,2.6197405
2025-12-07,4.831,2.631,3.4851665,0.1,14.759999,5.3,2.8,3.6833334,0.0,12.241323,-0.46900034,0.46900034,-0.16899991,0.16899991,-0.19816685,0.19816685,0.1,0.1,2.5186758,2.5186758
2025-12-08,8.231,3.181,5.428917,0.0,15.4800005,8.8,2.15,5.614584,0.0,14.874796,-0.56900024,0.56900024,1.0309999,1.0309999,-0.18566704,0.18566704,0.0,0.0,0.6052046,0.6052046
2025-12-09,10.281,7.0309997,9.078916,8.6,15.4800005,10.5,7.7,9.339583,4.7,13.985663,-0.21899986,0.21899986,-0.66900015,0.66900015,-0.2606678,0.2606678,3.9000006,3.9000006,1.4943371,1.4943371
2025-12-10,10.3810005,8.681001,9.670585,0.8,15.119999,10.5,9.0,9.71875,2.1,11.966954,-0.11899948,0.11899948,-0.3189993,0.3189993,-0.04816532,0.04816532,-1.3,1.3,3.1530447,3.1530447
2025-12-11,10.3810005,8.081,9.34975,1.9000002,19.44,10.55,7.35,9.058333,2.3999999,16.380001,-0.16899967,0.16899967,0.7310004,0.7310004,0.29141617,0.29141617,-0.49999964,0.49999964,3.0599995,3.0599995
2025-12-12,8.081,6.831,7.6393323,0.6,19.44,7.85,5.9,7.137499,0.3,14.77755,0.23100042,0.23100042,0.93099976,0.93099976,0.50183344,0.50183344,0.3,0.3,4.662451,4.662451
2025-12-13,6.7809997,3.831,5.7914157,0.2,16.919998,6.4,2.85,4.9395833,0.4,14.721535,0.38099957,0.38099957,0.9810002,0.9810002,0.8518324,0.8518324,-0.2,0.2,2.1984634,2.1984634
2025-12-14,6.4309998,4.1809998,5.3768334,1.8000001,19.8,5.95,3.3,4.8145833,0.3,16.520823,0.48099995,0.48099995,0.8809998,0.8809998,0.56225014,0.56225014,1.5,1.5,3.2791767,3.2791767
2025-12-15,4.381,3.081,3.6226664,0.0,16.56,3.85,0.85,2.9708335,0.0,13.00243,0.53100014,0.53100014,2.231,2.231,0.6518328,0.6518328,0.0,0.0,3.5575695,3.5575695
2025-12-16,3.181,-0.86899996,0.91641665,0.0,10.440001,1.9,-1.6,0.14999999,0.0,10.589448,1.281,1.281,0.73100007,0.73100007,0.76641667,0.76641667,0.0,0.0,-0.14944744,0.14944744
2025-12-17,6.4309998,0.081,2.264333,0.0,13.32,6.75,-0.25,1.7479167,0.0,13.53236,-0.31900024,0.31900024,0.331,0.331,0.5164163,0.5164163,0.0,0.0,-0.21236038,0.21236038
2025-12-18,3.0310001,-0.419,1.4289166,0.0,12.24,3.9,-0.4,1.4541665,0.0,11.074022,-0.86899996,0.86899996,-0.018999994,0.018999994,-0.025249958,0.025249958,0.0,0.0,1.1659775,1.1659775
2025-12-19,3.181,1.531,2.3455834,0.0,12.599999,3.9,0.15,1.9895835,0.0,12.043869,-0.7190001,0.7190001,1.381,1.381,0.35599995,0.35599995,0.0,0.0,0.5561304,0.5561304
2025-12-20,4.5309997,1.431,2.8310003,0.0,10.08,4.3,-0.05,2.3479168,0.6,10.266314,0.23099947,0.23099947,1.481,1.481,0.4830835,0.4830835,-0.6,0.6,-0.18631363,0.18631363
2025-12-21,3.7310002,2.5310001,3.18725,0.0,6.8399997,3.7,1.35,2.15625,0.0,6.7205353,0.031000137,0.031000137,1.1810001,1.1810001,1.0309999,1.0309999,0.0,0.0,0.1194644,0.1194644
2025-12-22,3.181,2.0310001,2.6185,0.0,9.0,3.2,1.1,1.9041666,0.0,8.427383,-0.019000053,0.019000053,0.9310001,0.9310001,0.7143334,0.7143334,0.0,0.0,0.5726166,0.5726166
2025-12-23,2.7810001,-1.119,1.8935,1.5000001,16.919998,2.85,-1.05,1.1729165,0.1,14.330079,-0.06899977,0.06899977,-0.069000006,0.069000006,0.72058344,0.72058344,1.4000001,1.4000001,2.589919,2.589919
2025-12-24,-1.469,-7.869,-5.5898337,0.0,16.919998,-1.85,-9.4,-6.785417,0.0,15.192682,0.38100004,0.38100004,1.5309997,1.5309997,1.1955833,1.1955833,0.0,0.0,1.7273159,1.7273159
2025-12-25,-4.769,-9.269,-7.12525,0.0,12.959999,-5.35,-11.3,-8.537499,0.0,11.570515,0.58099985,0.58099985,2.0310001,2.0310001,1.4122496,1.4122496,0.0,0.0,1.3894844,1.3894844
2025-12-26,0.281,-5.769,-2.8627503,0.0,16.56,1.05,-7.55,-2.4833333,0.0,14.693999,-0.76899993,0.76899993,1.7810001,1.7810001,-0.37941694,0.37941694,0.0,0.0,1.8660002,1.8660002
2025-12-27,2.131,0.331,0.8476667,0.5,27.0,1.3,-0.35,0.63124996,0.4,23.39792,0.8310001,0.8310001,0.681,0.681,0.21641672,0.21641672,0.099999994,0.099999994,3.6020794,3.6020794
2025-12-28,2.381,1.031,1.5851666,0.8000001,28.8,2.9,-0.25,1.7125001,0.1,22.945587,-0.51900005,0.51900005,1.281,1.281,-0.12733352,0.12733352,0.70000005,0.70000005,5.854412,5.854412
2025-12-29,2.131,-0.669,0.6185,1.9000001,22.68,1.7,-2.45,-0.2854167,1.5999999,20.05203,0.431,0.431,1.781,1.781,0.9039167,0.9039167,0.3000002,0.3000002,2.6279697,2.6279697
2025-12-30,-0.419,-2.069,-1.2981668,4.0,32.760002,-1.55,-3.4,-2.1874998,6.8999996,25.67951,1.1309999,1.1309999,1.3310001,1.3310001,0.889333,0.889333,-2.8999996,2.8999996,7.080492,7.080492
2025-12-31,-1.569,-2.919,-2.1835837,6.9,25.199999,-2.45,-4.6,-3.9270837,2.8999999,21.492483,0.88100004,0.88100004,1.681,1.681,1.7435,1.7435,4.0,4.0,3.7075157,3.7075157
2026-01-01,1.331,-2.7189999,-0.53775,2.5000002,28.44,1.5,-4.35,-1.1437502,1.9000002,24.012972,-0.16900003,0.16900003,1.631,1.631,0.6060002,0.6060002,0.6,0.6,4.4270287,4.4270287
2026-01-02,2.181,0.781,1.4476665,1.5000002,29.519999,1.6,0.1,0.8041666,5.1,24.02174,0.581,0.581,0.681,0.681,0.6434999,0.6434999,-3.5999997,3.5999997,5.4982586,5.4982586
2026-01-03,1.081,-0.519,0.18933333,1.1,25.199999,0.45,-2.75,-1.225,0.6,22.119503,0.631,0.631,2.231,2.231,1.4143333,1.4143333,0.5,0.5,3.0804958,3.0804958
2026-01-04,-0.519,-2.5189998,-1.4835835,0.1,27.0,-2.05,-4.65,-3.075,0.3,23.70129,1.5309999,1.5309999,2.1310003,2.1310003,1.5914166,1.5914166,-0.20000002,0.20000002,3.2987099,3.2987099
2026-01-05,-0.819,-4.9690003,-2.4356668,0.4,16.56,-1.2,-9.6,-5.0437493,0.0,15.696165,0.38100004,0.38100004,4.631,4.631,2.6080825,2.6080825,0.4,0.4,0.8638344,0.8638344
2026-01-06,-5.119,-7.019,-5.9231677,0.0,11.5199995,-8.15,-14.4,-10.895832,0.0,8.133928,3.0309997,3.0309997,7.3809996,7.3809996,4.9726644,4.9726644,0.0,0.0,3.3860712,3.3860712
2026-01-07,-4.419,-7.369,-5.996084,0.0,9.0,-8.55,-11.6,-10.229167,0.0,5.402999,4.131,4.131,4.2310004,4.2310004,4.233083,4.233083,0.0,0.0,3.597001,3.597001
2026-01-08,-3.819,-7.119,-5.5231667,0.5,13.679999,-7.0,-11.8,-8.729167,0.9000001,12.688404,3.181,3.181,4.681,4.681,3.2060003,3.2060003,-0.4000001,0.4000001,0.99159527,0.99159527
2026-01-09,-5.919,-10.068999,-7.5356655,0.1,16.199999,-8.8,-13.45,-10.918751,0.0,14.174356,2.881,2.881,3.3810005,3.3810005,3.3830853,3.3830853,0.1,0.1,2.0256424,2.0256424
2026-01-10,-4.419,-10.969,-8.006501,2.4,14.4,-5.2,-14.85,-10.270833,1.3000001,14.730336,0.78099966,0.78099966,3.8810005,3.8810005,2.2643318,2.2643318,1.1,1.1,-0.33033657,0.33033657
2026-01-11,-1.419,-4.869,-2.8710835,2.2,19.8,-3.25,-6.15,-4.4375,2.5,15.124284,1.831,1.831,1.2810001,1.2810001,1.5664165,1.5664165,-0.29999995,0.29999995,4.6757154,4.6757154
2026-01-12,-2.669,-4.769,-3.8898332,0.5,16.56,-4.1,-9.9,-5.7979164,0.9000001,12.535549,1.431,1.431,5.1309996,5.1309996,1.9080832,1.9080832,-0.4000001,0.4000001,4.0244503,4.0244503
2026-01-13,-3.619,-6.419,-5.0606675,0.0,9.72,-4.55,-9.9,-7.504167,0.3,11.091564,0.93100023,0.93100023,3.4809995,3.4809995,2.4434996,2.4434996,-0.3,0.3,-1.3715639,1.3715639
2026-01-14,-1.969,-8.219,-5.3585835,7.1,20.880001,0.65,-11.4,-6.18125,7.5,17.682194,-2.619,2.619,3.1809998,3.1809998,0.82266665,0.82266665,-0.4000001,0.4000001,3.1978073,3.1978073
2026-01-15,1.531,-1.8690001,-0.046083335,0.90000004,13.679999,1.25,-2.5,-0.71041673,0.1,12.503199,0.28100002,0.28100002,0.6309999,0.6309999,0.6643334,0.6643334,0.8,0.8,1.1768007,1.1768007
2026-01-16,-1.6190001,-7.369,-3.3960836,0.0,16.199999,-2.9,-8.75,-4.5875,0.0,15.986593,1.281,1.281,1.381,1.381,1.1914165,1.1914165,0.0,0.0,0.21340561,0.21340561
2026-01-17,-3.419,-9.169,-6.691916,0.0,15.119999,-4.1,-10.6,-8.077084,0.0,16.966848,0.681,0.681,1.4310007,1.4310007,1.3851676,1.3851676,0.0,0.0,-1.8468494,1.8468494
2026-01-18,-5.8190002,-11.719,-8.9815,0.0,15.119999,-7.5,-14.55,-11.158334,0.0,16.176983,1.6809998,1.6809998,2.8310003,2.8310003,2.176834,2.176834,0.0,0.0,-1.056984,1.056984
2026-01-19,-6.369,-12.469,-9.671083,0.0,17.64,-8.3,-13.85,-11.554166,0.0,14.64209,1.9310002,1.9310002,1.3810005,1.3810005,1.8830824,1.8830824,0.0,0.0,2.9979095,2.9979095
2026-01-20,-2.7189999,-11.818999,-8.096084,0.0,13.32,-4.25,-15.05,-10.616668,0.0,11.874544,1.5310001,1.5310001,3.231001,3.231001,2.520584,2.520584,0.0,0.0,1.4454556,1.4454556
2026-01-21,-2.369,-11.019,-7.064834,0.0,20.519999,-3.65,-12.95,-9.235417,0.0,13.239487,1.2810001,1.2810001,1.9309998,1.9309998,2.1705832,2.1705832,0.0,0.0,7.280512,7.280512
2026-01-22,-4.9690003,-11.068999,-8.387751,0.0,16.919998,-6.1,-13.45,-10.48125,0.0,16.724508,1.1309996,1.1309996,2.3810005,2.3810005,2.0934992,2.0934992,0.0,0.0,0.19548988,0.19548988
2026-01-23,-4.9690003,-9.6189995,-6.619001,0.8000001,15.84,-5.3,-9.7,-7.1270843,0.4,15.3264475,0.33099985,0.33099985,0.08100033,0.08100033,0.50808334,0.50808334,0.40000007,0.40000007,0.51355267,0.51355267
2026-01-24,-4.3190002,-6.919,-5.783584,0.3,15.84,-5.45,-7.75,-6.3458343,0.0,15.496736,1.1309996,1.1309996,0.83099985,0.83099985,0.56225014,0.56225014,0.3,0.3,0.34326458,0.34326458
2026-01-25,-2.7689998,-5.769,-4.541917,0.0,16.56,-3.55,-5.65,-4.9000006,0.3,16.077536,0.78100014,0.78100014,-0.11899996,0.11899996,0.35808372,0.35808372,-0.3,0.3,0.48246384,0.48246384
2026-01-26,1.731,-3.319,-0.38566676,0.0,18.359999,1.1,-4.35,-0.6541666,3.1,16.854767,0.6309999,0.6309999,1.0309999,1.0309999,0.26849982,0.26849982,-3.1,3.1,1.5052319,1.5052319
2026-01-27,2.4810002,-0.419,1.0643332,0.0,8.28,0.7,-1.0,0.027083343,0.0,7.3997297,1.7810001,1.7810001,0.581,0.581,1.0372498,1.0372498,0.0,0.0,0.88027,0.88027
2026-01-28,0.8809999,-0.119,0.3185,1.0,9.0,-0.25,-1.9,-0.91666657,2.9999998,7.989243,1.1309999,1.1309999,1.781,1.781,1.2351665,1.2351665,-1.9999998,1.9999998,1.010757,1.010757
2026-01-29,-0.469,-3.7689998,-2.6710832,0.1,14.4,-0.85,-4.75,-3.7541668,0.0,12.96125,0.381,0.381,0.9810002,0.9810002,1.0830836,1.0830836,0.1,0.1,1.4387493,1.4387493
2026-01-30,-3.869,-8.719,-4.7377496,0.1,17.28,-4.55,-11.7,-6.2791657,0.2,16.167967,0.68100023,0.68100023,2.981,2.981,1.5414162,1.5414162,-0.1,0.1,1.1120338,1.1120338
2026-01-31,-8.219,-12.6189995,-10.750251,0.0,18.359999,-10.0,-13.7,-12.260417,0.0,18.561832,1.7810001,1.7810001,1.0810003,1.0810003,1.5101662,1.5101662,0.0,0.0,-0.20183372,0.20183372
2026-02-01,-10.719,-14.669,-12.8585825,0.0,15.4800005,-11.6,-17.55,-15.095833,0.0,13.690654,0.8810005,0.8810005,2.8809996,2.8809996,2.2372503,2.2372503,0.0,0.0,1.7893467,1.7893467
2026-02-02,-11.219,-17.519001,-14.698166,0.0,13.679999,-12.35,-20.25,-17.085415,0.0,12.620554,1.1310005,1.1310005,2.730999,2.730999,2.387249,2.387249,0.0,0.0,1.0594454,1.0594454
2026-02-03,-8.969,-17.169,-13.6085825,0.0,13.679999,-9.7,-21.55,-15.764583,0.0,15.659999,0.73099995,0.73099995,4.3809986,4.3809986,2.1560001,2.1560001,0.0,0.0,-1.9799995,1.9799995
2026-02-04,-8.169,-11.169,-9.498167,2.6999996,15.4800005,-6.4,-10.45,-8.360417,0.4,17.5931,-1.7689996,1.7689996,-0.71899986,0.71899986,-1.1377497,1.1377497,2.2999995,2.2999995,-2.113099,2.113099
2026-02-05,-0.269,-7.869,-3.127333,0.2,14.759999,-0.3,-6.6,-2.483333,0.3,16.344355,0.031000018,0.031000018,-1.269,1.269,-0.6439998,0.6439998,-0.10000001,0.10000001,-1.5843554,1.5843554
2026-02-06,2.7310002,-0.969,0.57891667,0.0,14.759999,1.7,-0.6,0.4104167,2.6,13.5515,1.0310001,1.0310001,-0.36899996,0.36899996,0.16849998,0.16849998,-2.6,2.6,1.208499,1.208499
2026-02-07,1.6309999,-0.018999994,0.64141667,0.3,7.92,1.15,-0.55,0.37916672,3.2999997,7.344794,0.48099995,0.48099995,0.531,0.531,0.26224995,0.26224995,-2.9999998,2.9999998,0.5752063,0.5752063
2026-02-08,-0.018999994,-4.619,-1.5044168,1.9000002,15.119999,-0.7,-4.05,-2.1395833,1.5000001,13.154786,0.681,0.681,-0.56899977,0.56899977,0.6351665,0.6351665,0.4000001,0.4000001,1.9652128,1.9652128
2026-02-09,-4.119,-8.969,-6.3773327,0.0,15.119999,-3.2,-9.75,-7.4583335,0.0,15.376045,-0.9189999,0.9189999,0.78100014,0.78100014,1.0810008,1.0810008,0.0,0.0,-0.2560463,0.2560463
2026-02-10,-0.519,-10.219,-5.1773334,0.5,12.599999,0.7,-9.55,-4.7625003,0.8000001,11.074023,-1.219,1.219,-0.6689997,0.6689997,-0.41483307,0.41483307,-0.30000007,0.30000007,1.5259762,1.5259762
2026-02-11,4.881,-1.569,1.4997501,0.0,15.4800005,2.35,-0.35,1.46875,0.0,14.087228,2.5310001,2.5310001,-1.219,1.219,0.031000137,0.031000137,0.0,0.0,1.3927727,1.3927727
2026-02-12,5.0309997,0.8809999,3.0164165,1.3,9.36,2.8,1.15,1.933333,2.0000002,12.921192,2.2309997,2.2309997,-0.26900005,0.26900005,1.0830835,1.0830835,-0.7000003,0.7000003,-3.5611925,3.5611925
2026-02-13,5.581,0.681,3.5622501,0.9000001,21.599998,3.85,0.1,2.483333,1.7,19.443333,1.731,1.731,0.581,0.581,1.078917,1.078917,-0.79999995,0.79999995,2.1566658,2.1566658
2026-02-14,0.581,-4.5690002,-1.6544167,0.3,12.599999,-0.2,-5.2,-2.4500003,1.4000001,11.052058,0.78099996,0.78099996,0.63099957,0.63099957,0.7955836,0.7955836,-1.1000001,1.1000001,1.5479412,1.5479412
2026-02-15,-4.019,-9.019,-5.7315,0.2,14.04,-5.45,-12.2,-7.004166,0.0,11.881363,1.4309998,1.4309998,3.1809998,3.1809998,1.272666,1.272666,0.2,0.2,2.158637,2.158637
2026-02-16,-5.419,-12.8689995,-8.83775,0.0,15.84,-5.9,-15.15,-10.502084,0.0,15.2501545,0.48099995,0.48099995,2.2810001,2.2810001,1.6643333,1.6643333,0.0,0.0,0.58984566,0.58984566
2026-02-17,-2.9689999,-7.169,-5.1731668,2.0000002,16.199999,-4.05,-7.85,-6.114584,3.6,16.454994,1.0810003,1.0810003,0.68099976,0.68099976,0.9414172,0.9414172,-1.5999997,1.5999997,-0.25499535,0.25499535
2026-02-18,0.281,-4.0690002,-2.2731671,0.4,11.879999,-1.65,-10.45,-4.0979166,0.6,10.957846,1.931,1.931,6.3809996,6.3809996,1.8247495,1.8247495,-0.20000002,0.20000002,0.9221535,0.9221535
2026-02-19,-1.919,-4.519,-3.0731666,0.4,12.599999,-3.05,-9.8,-5.5958333,0.1,8.297589,1.1309999,1.1309999,5.281,5.281,2.5226667,2.5226667,0.3,0.3,4.30241,4.30241
2026-02-20,-0.219,-5.7190003,-2.8565004,0.2,15.119999,-1.7,-12.8,-6.831249,0.0,11.435313,1.4810001,1.4810001,7.081,7.081,3.9747488,3.9747488,0.2,0.2,3.6846857,3.6846857
2026-02-21,2.131,-8.069,-3.3731668,1.5000001,15.4800005,2.45,-9.8,-3.8583333,0.70000005,15.827721,-0.319,0.319,1.731,1.731,0.48516655,0.48516655,0.8000001,0.8000001,-0.34772015,0.34772015
2026-02-22,5.081,2.5310001,3.664334,7.9,16.199999,4.8,2.45,3.175,7.5,18.116623,0.28099966,0.28099966,0.08100009,0.08100009,0.4893341,0.4893341,0.4000001,0.4000001,-1.9166241,1.9166241
2026-02-23,7.2809997,3.681,6.195583,7.7,19.44,7.55,3.45,5.3041663,4.8999996,20.81239,-0.26900053,0.26900053,0.23099995,0.23099995,0.89141655,0.89141655,2.8000002,2.8000002,-1.3723888,1.3723888
2026-02-24,5.1809998,1.531,3.5372498,0.9000001,20.16,4.35,1.0,2.4958334,1.8000001,18.466455,0.83099985,0.83099985,0.531,0.531,1.0414164,1.0414164,-0.9,0.9,1.6935444,1.6935444
2026-02-25,2.831,-0.76900005,1.3851668,1.6000001,16.56,2.4,-1.65,0.8374999,0.3,16.50218,0.431,0.431,0.8809999,0.8809999,0.54766685,0.54766685,1.3000002,1.3000002,0.057819366,0.057819366
2026-02-26,5.381,-2.919,1.01225,0.0,12.24,4.9,-2.55,0.9208333,0.0,13.53236,0.48099995,0.48099995,-0.36899996,0.36899996,0.09141666,0.09141666,0.0,0.0,-1.2923603,1.2923603
2026-02-27,9.981,-0.519,4.3039165,0.0,13.32,10.7,0.15,5.00625,0.0,13.379461,-0.71899986,0.71899986,-0.669,0.669,-0.70233345,0.70233345,0.0,0.0,-0.059461594,0.059461594
2026-02-28,14.031,2.0310001,7.0955834,0.0,11.879999,14.75,2.85,7.962499,0.0,12.125642,-0.71899986,0.71899986,-0.81899977,0.81899977,-0.8669157,0.8669157,0.0,0.0,-0.24564266,0.24564266
2026-03-01,12.181001,3.4810002,7.29975,0.5,16.56,12.2,3.25,7.083334,0.3,14.94,-0.0189991,0.0189991,0.23100019,0.23100019,0.21641588,0.21641588,0.19999999,0.19999999,1.6199999,1.6199999
2026-03-02,10.8810005,2.081,6.8330836,0.0,14.04,11.4,0.5,5.9083333,0.0,11.928989,-0.5189991,0.5189991,1.5810001,1.5810001,0.9247503,0.9247503,0.0,0.0,2.1110106,2.1110106
2026-03-03,12.281,3.4810002,7.466416,0.0,13.679999,12.35,3.1,6.939583,0.0,10.261578,-0.069000244,0.069000244,0.38100028,0.38100028,0.52683306,0.52683306,0.0,0.0,3.4184217,3.4184217
2026-03-04,10.531,3.931,6.7226663,0.0,17.28,10.1,1.7,5.339583,0.0,13.684735,0.43099976,0.43099976,2.231,2.231,1.3830833,1.3830833,0.0,0.0,3.5952654,3.5952654
2026-03-05,8.581,-0.269,3.6914165,0.0,11.5199995,9.6,-1.5,3.6020834,0.0,10.266314,-1.019,1.019,1.231,1.231,0.08933306,0.08933306,0.0,0.0,1.253686,1.253686
2026-03-06,10.031,0.231,4.5185,0.0,8.28,10.35,-1.85,3.5395832,0.0,5.1575575,-0.31900024,0.31900024,2.081,2.081,0.97891665,0.97891665,0.0,0.0,3.1224422,3.1224422
2026-03-07,12.531,0.281,5.78725,0.0,6.4799995,12.25,-1.55,4.695833,0.0,6.689125,0.28100014,0.28100014,1.831,1.831,1.0914168,1.0914168,0.0,0.0,-0.20912552,0.20912552
2026-03-08,13.231,2.2310002,6.958084,0.0,10.08,13.0,0.0,6.064583,0.0,9.840914,0.23099995,0.23099995,2.2310002,2.2310002,0.8935013,0.8935013,0.0,0.0,0.23908615,0.23908615
2026-03-09,13.831,1.8809999,7.2185,0.0,14.04,14.3,1.5,7.5291667,0.0,13.1041975,-0.46899986,0.46899986,0.38099992,0.38099992,-0.31066656,0.31066656,0.0,0.0,0.93580246,0.93580246
